title,release_year
Along With the Gods: The Last 49 Days,2018
Digimon Adventure: Last Evolution Kizuna,2020
Primal: Tales of Savagery,2019
Rise & Shine: The Jay DeMerit Story,2011
Ashanti,1982
Magic Temple,1996
Fatal Mission,1990
Ejen Ali: The Movie,2019
3 Bahadur: Rise of the Warriors,2018
Rollerboys,1995
Aakhri Badla,1989
Brandon Semenuk's Rad Company,2014
Tonyong Bayawak,1979
Ned Venture,2017
High Seas Hijack,1977
Frontier,2001
Ultimate Target,2000
Chor Aur Chand,1993
Slugterra: Eastern Caverns,2015
Bikers Kental 2,2019
Attila and the Great Blue Bean,2007
The Adventures of AÃ§ela,2020
Troy: The Resurrection of Aeneas,2018
Rise to Power: KLGU,2019
Super Task Force One,2013
The Guardian,2017
XX Ray II,1995
Ramo,1986
Milk,2015
Steel Spirit,2002
